[{"model": "admin.logentry", "pk": 1, "fields": {"action_time": "2024-01-04T04:05:01.678Z", "user": 1, "content_type": 7, "object_id": "52", "object_repr": "name", "action_flag": 1, "change_message": "[{\"added\": {}}]"}}, {"model": "admin.logentry", "pk": 2, "fields": {"action_time": "2024-01-04T04:05:53.770Z", "user": 1, "content_type": 14, "object_id": "53", "object_repr": "P", "action_flag": 1, "change_message": "[{\"added\": {}}, {\"added\": {\"name\": \"orderitem\", \"object\": \"p\"}}, {\"added\": {\"name\": \"orderitem\", \"object\": \"p\"}}, {\"added\": {\"name\": \"orderitem\", \"object\": \"p\"}}]"}}, {"model": "auth.permission", "pk": 1, "fields": {"name": "Can add log entry", "content_type": 1, "codename": "add_logentry"}}, {"model": "auth.permission", "pk": 2, "fields": {"name": "Can change log entry", "content_type": 1, "codename": "change_logentry"}}, {"model": "auth.permission", "pk": 3, "fields": {"name": "Can delete log entry", "content_type": 1, "codename": "delete_logentry"}}, {"model": "auth.permission", "pk": 4, "fields": {"name": "Can view log entry", "content_type": 1, "codename": "view_logentry"}}, {"model": "auth.permission", "pk": 5, "fields": {"name": "Can add permission", "content_type": 2, "codename": "add_permission"}}, {"model": "auth.permission", "pk": 6, "fields": {"name": "Can change permission", "content_type": 2, "codename": "change_permission"}}, {"model": "auth.permission", "pk": 7, "fields": {"name": "Can delete permission", "content_type": 2, "codename": "delete_permission"}}, {"model": "auth.permission", "pk": 8, "fields": {"name": "Can view permission", "content_type": 2, "codename": "view_permission"}}, {"model": "auth.permission", "pk": 9, "fields": {"name": "Can add group", "content_type": 3, "codename": "add_group"}}, {"model": "auth.permission", "pk": 10, "fields": {"name": "Can change group", "content_type": 3, "codename": "change_group"}}, {"model": "auth.permission", "pk": 11, "fields": {"name": "Can delete group", "content_type": 3, "codename": "delete_group"}}, {"model": "auth.permission", "pk": 12, "fields": {"name": "Can view group", "content_type": 3, "codename": "view_group"}}, {"model": "auth.permission", "pk": 13, "fields": {"name": "Can add user", "content_type": 4, "codename": "add_user"}}, {"model": "auth.permission", "pk": 14, "fields": {"name": "Can change user", "content_type": 4, "codename": "change_user"}}, {"model": "auth.permission", "pk": 15, "fields": {"name": "Can delete user", "content_type": 4, "codename": "delete_user"}}, {"model": "auth.permission", "pk": 16, "fields": {"name": "Can view user", "content_type": 4, "codename": "view_user"}}, {"model": "auth.permission", "pk": 17, "fields": {"name": "Can add content type", "content_type": 5, "codename": "add_contenttype"}}, {"model": "auth.permission", "pk": 18, "fields": {"name": "Can change content type", "content_type": 5, "codename": "change_contenttype"}}, {"model": "auth.permission", "pk": 19, "fields": {"name": "Can delete content type", "content_type": 5, "codename": "delete_contenttype"}}, {"model": "auth.permission", "pk": 20, "fields": {"name": "Can view content type", "content_type": 5, "codename": "view_contenttype"}}, {"model": "auth.permission", "pk": 21, "fields": {"name": "Can add session", "content_type": 6, "codename": "add_session"}}, {"model": "auth.permission", "pk": 22, "fields": {"name": "Can change session", "content_type": 6, "codename": "change_session"}}, {"model": "auth.permission", "pk": 23, "fields": {"name": "Can delete session", "content_type": 6, "codename": "delete_session"}}, {"model": "auth.permission", "pk": 24, "fields": {"name": "Can view session", "content_type": 6, "codename": "view_session"}}, {"model": "auth.permission", "pk": 25, "fields": {"name": "Can add product_list", "content_type": 7, "codename": "add_product_list"}}, {"model": "auth.permission", "pk": 26, "fields": {"name": "Can change product_list", "content_type": 7, "codename": "change_product_list"}}, {"model": "auth.permission", "pk": 27, "fields": {"name": "Can delete product_list", "content_type": 7, "codename": "delete_product_list"}}, {"model": "auth.permission", "pk": 28, "fields": {"name": "Can view product_list", "content_type": 7, "codename": "view_product_list"}}, {"model": "auth.permission", "pk": 29, "fields": {"name": "Can add cart", "content_type": 8, "codename": "add_cart"}}, {"model": "auth.permission", "pk": 30, "fields": {"name": "Can change cart", "content_type": 8, "codename": "change_cart"}}, {"model": "auth.permission", "pk": 31, "fields": {"name": "Can delete cart", "content_type": 8, "codename": "delete_cart"}}, {"model": "auth.permission", "pk": 32, "fields": {"name": "Can view cart", "content_type": 8, "codename": "view_cart"}}, {"model": "auth.permission", "pk": 33, "fields": {"name": "Can add category", "content_type": 9, "codename": "add_category"}}, {"model": "auth.permission", "pk": 34, "fields": {"name": "Can change category", "content_type": 9, "codename": "change_category"}}, {"model": "auth.permission", "pk": 35, "fields": {"name": "Can delete category", "content_type": 9, "codename": "delete_category"}}, {"model": "auth.permission", "pk": 36, "fields": {"name": "Can view category", "content_type": 9, "codename": "view_category"}}, {"model": "auth.permission", "pk": 37, "fields": {"name": "Can add user", "content_type": 10, "codename": "add_user"}}, {"model": "auth.permission", "pk": 38, "fields": {"name": "Can change user", "content_type": 10, "codename": "change_user"}}, {"model": "auth.permission", "pk": 39, "fields": {"name": "Can delete user", "content_type": 10, "codename": "delete_user"}}, {"model": "auth.permission", "pk": 40, "fields": {"name": "Can view user", "content_type": 10, "codename": "view_user"}}, {"model": "auth.permission", "pk": 41, "fields": {"name": "Can add customer", "content_type": 11, "codename": "add_customer"}}, {"model": "auth.permission", "pk": 42, "fields": {"name": "Can change customer", "content_type": 11, "codename": "change_customer"}}, {"model": "auth.permission", "pk": 43, "fields": {"name": "Can delete customer", "content_type": 11, "codename": "delete_customer"}}, {"model": "auth.permission", "pk": 44, "fields": {"name": "Can view customer", "content_type": 11, "codename": "view_customer"}}, {"model": "auth.permission", "pk": 45, "fields": {"name": "Can add review", "content_type": 12, "codename": "add_review"}}, {"model": "auth.permission", "pk": 46, "fields": {"name": "Can change review", "content_type": 12, "codename": "change_review"}}, {"model": "auth.permission", "pk": 47, "fields": {"name": "Can delete review", "content_type": 12, "codename": "delete_review"}}, {"model": "auth.permission", "pk": 48, "fields": {"name": "Can view review", "content_type": 12, "codename": "view_review"}}, {"model": "auth.permission", "pk": 49, "fields": {"name": "Can add orderitem", "content_type": 13, "codename": "add_orderitem"}}, {"model": "auth.permission", "pk": 50, "fields": {"name": "Can change orderitem", "content_type": 13, "codename": "change_orderitem"}}, {"model": "auth.permission", "pk": 51, "fields": {"name": "Can delete orderitem", "content_type": 13, "codename": "delete_orderitem"}}, {"model": "auth.permission", "pk": 52, "fields": {"name": "Can view orderitem", "content_type": 13, "codename": "view_orderitem"}}, {"model": "auth.permission", "pk": 53, "fields": {"name": "Can add order", "content_type": 14, "codename": "add_order"}}, {"model": "auth.permission", "pk": 54, "fields": {"name": "Can change order", "content_type": 14, "codename": "change_order"}}, {"model": "auth.permission", "pk": 55, "fields": {"name": "Can delete order", "content_type": 14, "codename": "delete_order"}}, {"model": "auth.permission", "pk": 56, "fields": {"name": "Can view order", "content_type": 14, "codename": "view_order"}}, {"model": "auth.user", "pk": 1, "fields": {"password": "pbkdf2_sha256$600000$zi1fZdFipTrsejn7cFsD3c$iHlwgElwXZVZDLrVaKYlO2Cq2BFIXT78J7/gDg15EqU=", "last_login": "2024-01-03T10:07:08.885Z", "is_superuser": true, "username": "admin", "first_name": "", "last_name": "", "email": "", "is_staff": true, "is_active": true, "date_joined": "2024-01-03T10:06:40.374Z", "groups": [], "user_permissions": []}}, {"model": "contenttypes.contenttype", "pk": 1, "fields": {"app_label": "admin", "model": "logentry"}}, {"model": "contenttypes.contenttype", "pk": 2, "fields": {"app_label": "auth", "model": "permission"}}, {"model": "contenttypes.contenttype", "pk": 3, "fields": {"app_label": "auth", "model": "group"}}, {"model": "contenttypes.contenttype", "pk": 4, "fields": {"app_label": "auth", "model": "user"}}, {"model": "contenttypes.contenttype", "pk": 5, "fields": {"app_label": "contenttypes", "model": "contenttype"}}, {"model": "contenttypes.contenttype", "pk": 6, "fields": {"app_label": "sessions", "model": "session"}}, {"model": "contenttypes.contenttype", "pk": 7, "fields": {"app_label": "products", "model": "product_list"}}, {"model": "contenttypes.contenttype", "pk": 8, "fields": {"app_label": "products", "model": "cart"}}, {"model": "contenttypes.contenttype", "pk": 9, "fields": {"app_label": "products", "model": "category"}}, {"model": "contenttypes.contenttype", "pk": 10, "fields": {"app_label": "products", "model": "user"}}, {"model": "contenttypes.contenttype", "pk": 11, "fields": {"app_label": "products", "model": "customer"}}, {"model": "contenttypes.contenttype", "pk": 12, "fields": {"app_label": "products", "model": "review"}}, {"model": "contenttypes.contenttype", "pk": 13, "fields": {"app_label": "products", "model": "orderitem"}}, {"model": "contenttypes.contenttype", "pk": 14, "fields": {"app_label": "products", "model": "order"}}, {"model": "sessions.session", "pk": "karwe7x44om4q68gzjtcyew3j17pw9vg", "fields": {"session_data": ".eJxVjDsOwyAQBe9CHSE-BuGU6XMGtLC7wUkEkrErK3ePLblI2jczbxMR1qXEtdMcJxRXocXld0uQX1QPgE-ojyZzq8s8JXko8qRd3hvS-3a6fwcFetlrCKS095bRmnHwfvQqY2ZllGbKGl0IbDF4REq7m4iZwVkNYAwODsTnC-_wOOw:1rKy9U:C0R9F1WFbseD3JkvVvcE7cG31c92HJDgmpsl5Yf5qEk", "expire_date": "2024-01-17T10:07:08.897Z"}}, {"model": "products.category", "pk": 2, "fields": {"name": "Kapalua Airport"}}, {"model": "products.category", "pk": 3, "fields": {"name": "Islay Airport"}}, {"model": "products.category", "pk": 4, "fields": {"name": "Morro do Chapéu Airport"}}, {"model": "products.category", "pk": 5, "fields": {"name": "Bamfield Seaplane Base"}}, {"model": "products.category", "pk": 6, "fields": {"name": "Léopold Sédar Senghor International Airport"}}, {"model": "products.category", "pk": 7, "fields": {"name": "Barrow County Airport"}}, {"model": "products.category", "pk": 8, "fields": {"name": "Southeast Iowa Regional Airport"}}, {"model": "products.category", "pk": 9, "fields": {"name": "Mokhotlong Airport"}}, {"model": "products.category", "pk": 10, "fields": {"name": "Chiquimula Airport"}}, {"model": "products.category", "pk": 11, "fields": {"name": "Aarhus Airport"}}, {"model": "products.category", "pk": 12, "fields": {"name": "Satwag Airport"}}, {"model": "products.category", "pk": 13, "fields": {"name": "Guriaso (Keraso) Airport"}}, {"model": "products.category", "pk": 14, "fields": {"name": "Jataí Airport"}}, {"model": "products.category", "pk": 15, "fields": {"name": "Tynda Airport"}}, {"model": "products.category", "pk": 16, "fields": {"name": "Herrera Airport"}}, {"model": "products.category", "pk": 17, "fields": {"name": "Maubeuge-Élesmes Airport"}}, {"model": "products.category", "pk": 18, "fields": {"name": "Kao Airport"}}, {"model": "products.category", "pk": 19, "fields": {"name": "Loakan Airport"}}, {"model": "products.category", "pk": 20, "fields": {"name": "Hefei Luogang International Airport"}}, {"model": "products.category", "pk": 21, "fields": {"name": "Joensuu Airport"}}, {"model": "products.category", "pk": 22, "fields": {"name": "Kangaatsiaq Heliport"}}, {"model": "products.category", "pk": 23, "fields": {"name": "Monroe Regional Airport"}}, {"model": "products.category", "pk": 24, "fields": {"name": "Ovda International Airport"}}, {"model": "products.category", "pk": 25, "fields": {"name": "Barriles Airport"}}, {"model": "products.category", "pk": 26, "fields": {"name": "Nova Prata Airport"}}, {"model": "products.category", "pk": 27, "fields": {"name": "Watertown International Airport"}}, {"model": "products.category", "pk": 28, "fields": {"name": "Snohomish County (Paine Field) Airport"}}, {"model": "products.category", "pk": 29, "fields": {"name": "Lhasa Gonggar Airport"}}, {"model": "products.category", "pk": 30, "fields": {"name": "Lecce Galatina Air Base"}}, {"model": "products.category", "pk": 31, "fields": {"name": "Hachijojima Airport"}}, {"model": "products.category", "pk": 32, "fields": {"name": "Ponta Pelada Airport"}}, {"model": "products.category", "pk": 33, "fields": {"name": "Elizabeth City Regional Airport & Coast Guard Air Station"}}, {"model": "products.category", "pk": 34, "fields": {"name": "Nelspruit Airport"}}, {"model": "products.category", "pk": 35, "fields": {"name": "Uige Airport"}}, {"model": "products.category", "pk": 36, "fields": {"name": "Cambridge Dorchester Airport"}}, {"model": "products.category", "pk": 37, "fields": {"name": "San Fernando Airport"}}, {"model": "products.category", "pk": 38, "fields": {"name": "Žilina Airport"}}, {"model": "products.category", "pk": 39, "fields": {"name": "St Jean Airport"}}, {"model": "products.category", "pk": 40, "fields": {"name": "Brisbane International Airport"}}, {"model": "products.category", "pk": 41, "fields": {"name": "Botopasi Airport"}}, {"model": "products.category", "pk": 42, "fields": {"name": "South Big Horn County Airport"}}, {"model": "products.category", "pk": 43, "fields": {"name": "Le Mans-Arnage Airport"}}, {"model": "products.category", "pk": 44, "fields": {"name": "Sauren Airport"}}, {"model": "products.category", "pk": 45, "fields": {"name": "Camiri Airport"}}, {"model": "products.category", "pk": 46, "fields": {"name": "Hon Airport"}}, {"model": "products.category", "pk": 47, "fields": {"name": "Alitak Seaplane Base"}}, {"model": "products.category", "pk": 48, "fields": {"name": "Bryansk Airport"}}, {"model": "products.category", "pk": 49, "fields": {"name": "Gogebic Iron County Airport"}}, {"model": "products.category", "pk": 50, "fields": {"name": "Chitral Airport"}}, {"model": "products.category", "pk": 51, "fields": {"name": "Lanseria Airport"}}, {"model": "products.category", "pk": 52, "fields": {"name": "Koolburra Airport"}}, {"model": "products.category", "pk": 53, "fields": {"name": "Isisford Airport"}}, {"model": "products.product_list", "pk": 2, "fields": {"name": "Sammy", "price": "0.00", "description": "ssor1@tripod.com", "category": 2, "img": ""}}, {"model": "products.product_list", "pk": 3, "fields": {"name": "Constantin", "price": "0.00", "description": "cfarnell2@sun.com", "category": 3, "img": ""}}, {"model": "products.product_list", "pk": 4, "fields": {"name": "Carina", "price": "0.00", "description": "cflint3@meetup.com", "category": 4, "img": ""}}, {"model": "products.product_list", "pk": 5, "fields": {"name": "Austina", "price": "0.00", "description": "abaynom4@weebly.com", "category": 5, "img": ""}}, {"model": "products.product_list", "pk": 6, "fields": {"name": "Janos", "price": "0.00", "description": "jtewes5@hostgator.com", "category": 6, "img": ""}}, {"model": "products.product_list", "pk": 7, "fields": {"name": "Kenn", "price": "0.00", "description": "kgreed6@who.int", "category": 7, "img": ""}}, {"model": "products.product_list", "pk": 8, "fields": {"name": "Man", "price": "0.00", "description": "mmarshal7@unesco.org", "category": 8, "img": ""}}, {"model": "products.product_list", "pk": 9, "fields": {"name": "Anne", "price": "0.00", "description": "astedall8@pen.io", "category": 9, "img": ""}}, {"model": "products.product_list", "pk": 10, "fields": {"name": "Melodie", "price": "0.00", "description": "mgonet9@linkedin.com", "category": 10, "img": ""}}, {"model": "products.product_list", "pk": 11, "fields": {"name": "Skipper", "price": "0.00", "description": "sbeckinghama@ihg.com", "category": 11, "img": ""}}, {"model": "products.product_list", "pk": 12, "fields": {"name": "Anni", "price": "0.00", "description": "agiddensb@multiply.com", "category": 12, "img": ""}}, {"model": "products.product_list", "pk": 13, "fields": {"name": "Debbie", "price": "0.00", "description": "dyoakleyc@google.co.jp", "category": 13, "img": ""}}, {"model": "products.product_list", "pk": 14, "fields": {"name": "Rhys", "price": "0.00", "description": "rfayermand@ovh.net", "category": 14, "img": ""}}, {"model": "products.product_list", "pk": 15, "fields": {"name": "Reginauld", "price": "0.00", "description": "rfelde@unesco.org", "category": 15, "img": ""}}, {"model": "products.product_list", "pk": 16, "fields": {"name": "Murdoch", "price": "0.00", "description": "mgettenf@epa.gov", "category": 16, "img": ""}}, {"model": "products.product_list", "pk": 17, "fields": {"name": "Elsi", "price": "0.00", "description": "efurslandg@tinyurl.com", "category": 17, "img": ""}}, {"model": "products.product_list", "pk": 18, "fields": {"name": "Bria", "price": "0.00", "description": "bpignonh@irs.gov", "category": 18, "img": ""}}, {"model": "products.product_list", "pk": 19, "fields": {"name": "Amery", "price": "0.00", "description": "ahawleyi@homestead.com", "category": 19, "img": ""}}, {"model": "products.product_list", "pk": 20, "fields": {"name": "Jami", "price": "0.00", "description": "jakisterj@army.mil", "category": 20, "img": ""}}, {"model": "products.product_list", "pk": 21, "fields": {"name": "Eadmund", "price": "0.00", "description": "ebarliek@moonfruit.com", "category": 21, "img": ""}}, {"model": "products.product_list", "pk": 22, "fields": {"name": "Iver", "price": "0.00", "description": "ileebeterl@microsoft.com", "category": 22, "img": ""}}, {"model": "products.product_list", "pk": 23, "fields": {"name": "Richy", "price": "0.00", "description": "rchalcroftm@abc.net.au", "category": 23, "img": ""}}, {"model": "products.product_list", "pk": 24, "fields": {"name": "Dunn", "price": "0.00", "description": "dweildishn@theguardian.com", "category": 24, "img": ""}}, {"model": "products.product_list", "pk": 25, "fields": {"name": "Nikkie", "price": "0.00", "description": "nbiasettio@pen.io", "category": 25, "img": ""}}, {"model": "products.product_list", "pk": 26, "fields": {"name": "Brenda", "price": "0.00", "description": "bbateupp@mtv.com", "category": 26, "img": ""}}, {"model": "products.product_list", "pk": 27, "fields": {"name": "Imogen", "price": "0.00", "description": "ifeatenbyq@creativecommons.org", "category": 27, "img": ""}}, {"model": "products.product_list", "pk": 28, "fields": {"name": "Ursulina", "price": "0.00", "description": "utenderr@apache.org", "category": 28, "img": ""}}, {"model": "products.product_list", "pk": 29, "fields": {"name": "Henriette", "price": "0.00", "description": "htubridys@wix.com", "category": 29, "img": ""}}, {"model": "products.product_list", "pk": 30, "fields": {"name": "Barnabe", "price": "0.00", "description": "bkilfethert@toplist.cz", "category": 30, "img": ""}}, {"model": "products.product_list", "pk": 31, "fields": {"name": "Isa", "price": "0.00", "description": "iwrathmellu@nationalgeographic.com", "category": 31, "img": ""}}, {"model": "products.product_list", "pk": 32, "fields": {"name": "Blancha", "price": "0.00", "description": "bpilchv@umn.edu", "category": 32, "img": ""}}, {"model": "products.product_list", "pk": 33, "fields": {"name": "Iorgo", "price": "0.00", "description": "icormodew@oakley.com", "category": 33, "img": ""}}, {"model": "products.product_list", "pk": 34, "fields": {"name": "Marco", "price": "0.00", "description": "mfrielx@fc2.com", "category": 34, "img": ""}}, {"model": "products.product_list", "pk": 35, "fields": {"name": "Kristy", "price": "0.00", "description": "kmillionsy@sogou.com", "category": 35, "img": ""}}, {"model": "products.product_list", "pk": 36, "fields": {"name": "Grover", "price": "0.00", "description": "gmcasgillz@hubpages.com", "category": 36, "img": ""}}, {"model": "products.product_list", "pk": 37, "fields": {"name": "Loretta", "price": "0.00", "description": "lhagston10@hubpages.com", "category": 37, "img": ""}}, {"model": "products.product_list", "pk": 38, "fields": {"name": "Thatch", "price": "0.00", "description": "tambrogelli11@nsw.gov.au", "category": 38, "img": ""}}, {"model": "products.product_list", "pk": 39, "fields": {"name": "Gard", "price": "0.00", "description": "gandroletti12@phoca.cz", "category": 39, "img": ""}}, {"model": "products.product_list", "pk": 40, "fields": {"name": "Cliff", "price": "0.00", "description": "cfortin13@fc2.com", "category": 40, "img": ""}}, {"model": "products.product_list", "pk": 41, "fields": {"name": "Demetrius", "price": "0.00", "description": "dredholls14@marriott.com", "category": 41, "img": ""}}, {"model": "products.product_list", "pk": 42, "fields": {"name": "Redford", "price": "0.00", "description": "rhowell15@rediff.com", "category": 42, "img": ""}}, {"model": "products.product_list", "pk": 43, "fields": {"name": "Zed", "price": "0.00", "description": "zfirmage16@ebay.co.uk", "category": 43, "img": ""}}, {"model": "products.product_list", "pk": 44, "fields": {"name": "Patrice", "price": "0.00", "description": "pbrumhead17@addthis.com", "category": 44, "img": ""}}, {"model": "products.product_list", "pk": 45, "fields": {"name": "Waite", "price": "0.00", "description": "wbraksper18@tiny.cc", "category": 45, "img": ""}}, {"model": "products.product_list", "pk": 46, "fields": {"name": "Hill", "price": "0.00", "description": "hpott19@dion.ne.jp", "category": 46, "img": ""}}, {"model": "products.product_list", "pk": 47, "fields": {"name": "Jolyn", "price": "0.00", "description": "jdavaux1a@themeforest.net", "category": 47, "img": ""}}, {"model": "products.product_list", "pk": 48, "fields": {"name": "Roxy", "price": "0.00", "description": "rdumberell1b@cnn.com", "category": 48, "img": ""}}, {"model": "products.product_list", "pk": 49, "fields": {"name": "Annamaria", "price": "0.00", "description": "ablamires1c@wikispaces.com", "category": 49, "img": ""}}, {"model": "products.product_list", "pk": 50, "fields": {"name": "Jammal", "price": "0.00", "description": "jflewett1d@mysql.com", "category": 50, "img": ""}}, {"model": "products.product_list", "pk": 51, "fields": {"name": "Abbe", "price": "0.00", "description": "adebenham1e@gmpg.org", "category": 51, "img": ""}}, {"model": "products.product_list", "pk": 52, "fields": {"name": "name", "price": "234.00", "description": "hafdkjg", "category": 4, "img": ""}}, {"model": "products.product_list", "pk": 53, "fields": {"name": "Reeba", "price": "0.00", "description": "rwiddocks1g@shareasale.com", "category": 53, "img": ""}}, {"model": "products.user", "pk": 1, "fields": {"username": "bduckels0", "email": "lmincini0@mac.com", "password": "hH4=Hm3{b2"}}, {"model": "products.user", "pk": 2, "fields": {"username": "ocarloni1", "email": "pcolmore1@biglobe.ne.jp", "password": "sA6.TmMqf"}}, {"model": "products.user", "pk": 3, "fields": {"username": "fconti2", "email": "ftonbye2@redcross.org", "password": "dA6_uvx0X_1"}}, {"model": "products.user", "pk": 4, "fields": {"username": "tsorbey3", "email": "xbloggett3@newyorker.com", "password": "qK7!\"xwB$t6$QC"}}, {"model": "products.user", "pk": 5, "fields": {"username": "astickford4", "email": "jmatyushonok4@networkadvertising.org", "password": "pC0>&~LvrWvF"}}, {"model": "products.user", "pk": 6, "fields": {"username": "charmant5", "email": "probbie5@webmd.com", "password": "eT8>,jSo"}}, {"model": "products.user", "pk": 7, "fields": {"username": "esapseed6", "email": "mfolliss6@multiply.com", "password": "vG4{Bc80d$x(B5/"}}, {"model": "products.user", "pk": 8, "fields": {"username": "cclardge7", "email": "jlifsey7@uol.com.br", "password": "wT4~+#O+6UDziK{N"}}, {"model": "products.user", "pk": 9, "fields": {"username": "fmilkin8", "email": "pmcgrory8@aol.com", "password": "dR1&hvPR|?0C"}}, {"model": "products.user", "pk": 10, "fields": {"username": "bmcteer9", "email": "kmepham9@about.me", "password": "hL3>{%Qk=pR/"}}, {"model": "products.user", "pk": 11, "fields": {"username": "akoomara", "email": "dlempela@yolasite.com", "password": "jD9&C}B*X6z,"}}, {"model": "products.user", "pk": 12, "fields": {"username": "cbraunfeldb", "email": "nedsonb@goodreads.com", "password": "dW8|UV/@qC=RM9"}}, {"model": "products.user", "pk": 13, "fields": {"username": "bheretyc", "email": "kbalshenc@bbb.org", "password": "nL8?Ykh_"}}, {"model": "products.user", "pk": 14, "fields": {"username": "cespinosd", "email": "nmaddisond@t.co", "password": "nC5#RTvATdE&"}}, {"model": "products.user", "pk": 15, "fields": {"username": "akemmonse", "email": "wgiocannonie@bigcartel.com", "password": "gP5&U'@b`{b"}}, {"model": "products.user", "pk": 16, "fields": {"username": "bbyartf", "email": "kbowmerf@artisteer.com", "password": "eJ6%41UP"}}, {"model": "products.user", "pk": 17, "fields": {"username": "swoodroffeg", "email": "ckamieng@bbb.org", "password": "qY7<!30T_"}}, {"model": "products.user", "pk": 18, "fields": {"username": "npalesh", "email": "ecavnorh@g.co", "password": "uA1'16INrqqN2?{"}}, {"model": "products.user", "pk": 19, "fields": {"username": "laldersleyi", "email": "cburragei@histats.com", "password": "aN9}cSygTK6oGQG"}}, {"model": "products.user", "pk": 20, "fields": {"username": "lpedroj", "email": "ubaldinj@wordpress.com", "password": "rK3?<w4j="}}, {"model": "products.user", "pk": 24, "fields": {"username": "dsimmensn", "email": "srogetn@slideshare.net", "password": "dQ1!$2}JaLf%zRv"}}, {"model": "products.user", "pk": 25, "fields": {"username": "pabrahamo", "email": "bcharleso@yellowbook.com", "password": "iH1$}K)2#}e5&"}}, {"model": "products.user", "pk": 26, "fields": {"username": "twimpp", "email": "rdevineyp@sourceforge.net", "password": "cO9!d,13,#8L~"}}, {"model": "products.user", "pk": 27, "fields": {"username": "nsarfatiq", "email": "dcharmanq@lycos.com", "password": "cT0<\"2F?*vp1"}}, {"model": "products.user", "pk": 28, "fields": {"username": "mvaggesr", "email": "avanderkruir@sfgate.com", "password": "yO4q\".UwmG"}}, {"model": "products.user", "pk": 29, "fields": {"username": "gupstones", "email": "rtreess@disqus.com", "password": "eM5{l7MD4I\n\""}}, {"model": "products.user", "pk": 30, "fields": {"username": "mshortot", "email": "qventrist@1und1.de", "password": "rH2\"TrwA"}}, {"model": "products.user", "pk": 31, "fields": {"username": "rswiffinu", "email": "mlengu@tiny.cc", "password": "iN1,x5/C($gPe"}}, {"model": "products.user", "pk": 32, "fields": {"username": "gembureyv", "email": "fduckittv@webmd.com", "password": "gD7=}O<#"}}, {"model": "products.user", "pk": 33, "fields": {"username": "okeirlw", "email": "csetterw@twitter.com", "password": "rQ0%\"f'T"}}, {"model": "products.user", "pk": 34, "fields": {"username": "htoulminx", "email": "khowlex@xing.com", "password": "kR3`r+\">(`"}}, {"model": "products.user", "pk": 35, "fields": {"username": "rsillimany", "email": "vdyery@usa.gov", "password": "dW5|vPcC!L8j"}}, {"model": "products.user", "pk": 36, "fields": {"username": "acrombiez", "email": "anoorez@skyrock.com", "password": "hI6~3!U!+Mokqer"}}, {"model": "products.user", "pk": 37, "fields": {"username": "menevold10", "email": "ahemphall10@rediff.com", "password": "kD5&<}f>=7Svj}"}}, {"model": "products.user", "pk": 38, "fields": {"username": "dkristoffersson11", "email": "umagrannell11@merriam-webster.com", "password": "cJ2$km$We"}}, {"model": "products.user", "pk": 39, "fields": {"username": "ncobbled12", "email": "msenten12@comsenz.com", "password": "uL0|0N|!p."}}, {"model": "products.user", "pk": 40, "fields": {"username": "wargue13", "email": "cbackler13@soundcloud.com", "password": "xB3pr0*=G~"}}, {"model": "products.user", "pk": 41, "fields": {"username": "hure14", "email": "lrishbrook14@xing.com", "password": "fS6'?+\""}}, {"model": "products.user", "pk": 42, "fields": {"username": "apeotz15", "email": "ssmeeth15@cnet.com", "password": "oJ3'4VByEW"}}, {"model": "products.user", "pk": 43, "fields": {"username": "dmedley16", "email": "ballingham16@simplemachines.org", "password": "nQ5/OH{R"}}, {"model": "products.user", "pk": 44, "fields": {"username": "rbedrosian17", "email": "eblazynski17@sbwire.com", "password": "gV9#uM+m+ip%{B"}}, {"model": "products.user", "pk": 45, "fields": {"username": "bemeney18", "email": "smcmychem18@time.com", "password": "oY0%xyz2_po"}}, {"model": "products.user", "pk": 46, "fields": {"username": "lheintze19", "email": "lkeam19@stumbleupon.com", "password": "lL0%5|+P{ojsxuA"}}, {"model": "products.user", "pk": 47, "fields": {"username": "kallabarton1a", "email": "sbortoloni1a@parallels.com", "password": "vC5)Q}uYU<="}}, {"model": "products.user", "pk": 48, "fields": {"username": "gtenbroek1b", "email": "fubanks1b@mediafire.com", "password": "dB3%RJpFv"}}, {"model": "products.user", "pk": 49, "fields": {"username": "pkiddell1c", "email": "aburgwyn1c@tmall.com", "password": "qR2~>WxP*}+"}}, {"model": "products.user", "pk": 50, "fields": {"username": "jlindstedt1d", "email": "sfairpool1d@cloudflare.com", "password": "dZ7<6L%LVZ#"}}, {"model": "products.user", "pk": 51, "fields": {"username": "sempson1e", "email": "morudden1e@indiatimes.com", "password": "jB1}s9ryGS"}}, {"model": "products.user", "pk": 52, "fields": {"username": "awoltman1f", "email": "ewindrum1f@columbia.edu", "password": "pQ8*2$b/"}}, {"model": "products.user", "pk": 53, "fields": {"username": "cisacke1g", "email": "jouslem1g@surveymonkey.com", "password": "cC8%*XIqX6g"}}, {"model": "products.customer", "pk": 1, "fields": {"address": 0, "gender": "Male", "phone_number": 6181658645, "user": 1}}, {"model": "products.customer", "pk": 2, "fields": {"address": 0, "gender": "Male", "phone_number": 8033693266, "user": 2}}, {"model": "products.customer", "pk": 3, "fields": {"address": 0, "gender": "Female", "phone_number": 2714352332, "user": 3}}, {"model": "products.customer", "pk": 4, "fields": {"address": 0, "gender": "Male", "phone_number": 6069827821, "user": 4}}, {"model": "products.customer", "pk": 5, "fields": {"address": 0, "gender": "Male", "phone_number": 5685857179, "user": 5}}, {"model": "products.customer", "pk": 6, "fields": {"address": 0, "gender": "Female", "phone_number": 6803565017, "user": 6}}, {"model": "products.customer", "pk": 7, "fields": {"address": 0, "gender": "Female", "phone_number": 2490059157, "user": 7}}, {"model": "products.customer", "pk": 8, "fields": {"address": 0, "gender": "Female", "phone_number": 7046043760, "user": 8}}, {"model": "products.customer", "pk": 9, "fields": {"address": 0, "gender": "Male", "phone_number": 954785053, "user": 9}}, {"model": "products.customer", "pk": 10, "fields": {"address": 0, "gender": "Female", "phone_number": 7307006960, "user": 10}}, {"model": "products.customer", "pk": 11, "fields": {"address": 0, "gender": "Female", "phone_number": 6421519377, "user": 11}}, {"model": "products.customer", "pk": 12, "fields": {"address": 0, "gender": "Male", "phone_number": 4127694998, "user": 12}}, {"model": "products.customer", "pk": 13, "fields": {"address": 0, "gender": "Female", "phone_number": 8746114211, "user": 13}}, {"model": "products.customer", "pk": 14, "fields": {"address": 0, "gender": "Male", "phone_number": 1598754815, "user": 14}}, {"model": "products.customer", "pk": 15, "fields": {"address": 0, "gender": "Male", "phone_number": 3158644800, "user": 15}}, {"model": "products.customer", "pk": 16, "fields": {"address": 0, "gender": "Female", "phone_number": 7731035662, "user": 16}}, {"model": "products.customer", "pk": 17, "fields": {"address": 0, "gender": "Female", "phone_number": 6489599147, "user": 17}}, {"model": "products.customer", "pk": 18, "fields": {"address": 0, "gender": "Female", "phone_number": 157901343, "user": 18}}, {"model": "products.customer", "pk": 19, "fields": {"address": 0, "gender": "Male", "phone_number": 7108319799, "user": 19}}, {"model": "products.customer", "pk": 20, "fields": {"address": 0, "gender": "Male", "phone_number": 1227077653, "user": 20}}, {"model": "products.customer", "pk": 24, "fields": {"address": 0, "gender": "Male", "phone_number": 775774251, "user": 24}}, {"model": "products.customer", "pk": 25, "fields": {"address": 0, "gender": "Male", "phone_number": 7415461452, "user": 25}}, {"model": "products.customer", "pk": 26, "fields": {"address": 0, "gender": "Male", "phone_number": 1311887547, "user": 26}}, {"model": "products.customer", "pk": 27, "fields": {"address": 0, "gender": "Male", "phone_number": 2219489175, "user": 27}}, {"model": "products.customer", "pk": 28, "fields": {"address": 0, "gender": "Male", "phone_number": 3808222220, "user": 28}}, {"model": "products.customer", "pk": 29, "fields": {"address": 0, "gender": "Female", "phone_number": 5103030012, "user": 29}}, {"model": "products.customer", "pk": 30, "fields": {"address": 0, "gender": "Male", "phone_number": 2150787806, "user": 30}}, {"model": "products.customer", "pk": 31, "fields": {"address": 0, "gender": "Female", "phone_number": 2449201475, "user": 31}}, {"model": "products.customer", "pk": 32, "fields": {"address": 0, "gender": "Female", "phone_number": 4822883078, "user": 32}}, {"model": "products.customer", "pk": 33, "fields": {"address": 0, "gender": "Female", "phone_number": 2308898542, "user": 33}}, {"model": "products.customer", "pk": 34, "fields": {"address": 0, "gender": "Female", "phone_number": 4349049460, "user": 34}}, {"model": "products.customer", "pk": 35, "fields": {"address": 0, "gender": "Female", "phone_number": 5580277725, "user": 35}}, {"model": "products.customer", "pk": 36, "fields": {"address": 0, "gender": "Female", "phone_number": 5058258862, "user": 36}}, {"model": "products.customer", "pk": 37, "fields": {"address": 0, "gender": "Male", "phone_number": 9789799845, "user": 37}}, {"model": "products.customer", "pk": 38, "fields": {"address": 0, "gender": "Female", "phone_number": 2449938125, "user": 38}}, {"model": "products.customer", "pk": 39, "fields": {"address": 0, "gender": "Male", "phone_number": 1231380586, "user": 39}}, {"model": "products.customer", "pk": 40, "fields": {"address": 0, "gender": "Male", "phone_number": 5614810307, "user": 40}}, {"model": "products.customer", "pk": 41, "fields": {"address": 0, "gender": "Female", "phone_number": 6537664535, "user": 41}}, {"model": "products.customer", "pk": 42, "fields": {"address": 0, "gender": "Female", "phone_number": 6707314343, "user": 42}}, {"model": "products.customer", "pk": 43, "fields": {"address": 0, "gender": "Male", "phone_number": 3059401594, "user": 43}}, {"model": "products.customer", "pk": 44, "fields": {"address": 0, "gender": "Male", "phone_number": 5983408674, "user": 44}}, {"model": "products.customer", "pk": 45, "fields": {"address": 0, "gender": "Female", "phone_number": 5955841385, "user": 45}}, {"model": "products.customer", "pk": 46, "fields": {"address": 0, "gender": "Female", "phone_number": 4958588639, "user": 46}}, {"model": "products.customer", "pk": 47, "fields": {"address": 0, "gender": "Male", "phone_number": 2372607855, "user": 47}}, {"model": "products.customer", "pk": 48, "fields": {"address": 0, "gender": "Male", "phone_number": 5324350753, "user": 48}}, {"model": "products.customer", "pk": 49, "fields": {"address": 0, "gender": "Female", "phone_number": 7478786197, "user": 49}}, {"model": "products.customer", "pk": 50, "fields": {"address": 0, "gender": "Female", "phone_number": 8039213819, "user": 50}}, {"model": "products.customer", "pk": 51, "fields": {"address": 0, "gender": "Male", "phone_number": 7841753241, "user": 51}}, {"model": "products.cart", "pk": 1, "fields": {"customer": 1}}, {"model": "products.cart", "pk": 2, "fields": {"customer": 2}}, {"model": "products.cart", "pk": 3, "fields": {"customer": 3}}, {"model": "products.cart", "pk": 4, "fields": {"customer": 4}}, {"model": "products.cart", "pk": 5, "fields": {"customer": 5}}, {"model": "products.cart", "pk": 6, "fields": {"customer": 6}}, {"model": "products.cart", "pk": 7, "fields": {"customer": 7}}, {"model": "products.cart", "pk": 8, "fields": {"customer": 8}}, {"model": "products.cart", "pk": 9, "fields": {"customer": 9}}, {"model": "products.cart", "pk": 10, "fields": {"customer": 10}}, {"model": "products.cart", "pk": 11, "fields": {"customer": 11}}, {"model": "products.cart", "pk": 12, "fields": {"customer": 12}}, {"model": "products.cart", "pk": 13, "fields": {"customer": 13}}, {"model": "products.cart", "pk": 14, "fields": {"customer": 14}}, {"model": "products.cart", "pk": 15, "fields": {"customer": 15}}, {"model": "products.cart", "pk": 16, "fields": {"customer": 16}}, {"model": "products.cart", "pk": 17, "fields": {"customer": 17}}, {"model": "products.cart", "pk": 18, "fields": {"customer": 18}}, {"model": "products.cart", "pk": 19, "fields": {"customer": 19}}, {"model": "products.cart", "pk": 20, "fields": {"customer": 20}}, {"model": "products.cart", "pk": 24, "fields": {"customer": 24}}, {"model": "products.cart", "pk": 25, "fields": {"customer": 25}}, {"model": "products.cart", "pk": 26, "fields": {"customer": 26}}, {"model": "products.cart", "pk": 27, "fields": {"customer": 27}}, {"model": "products.cart", "pk": 28, "fields": {"customer": 28}}, {"model": "products.cart", "pk": 29, "fields": {"customer": 29}}, {"model": "products.cart", "pk": 30, "fields": {"customer": 30}}, {"model": "products.cart", "pk": 31, "fields": {"customer": 31}}, {"model": "products.cart", "pk": 32, "fields": {"customer": 32}}, {"model": "products.cart", "pk": 33, "fields": {"customer": 33}}, {"model": "products.cart", "pk": 34, "fields": {"customer": 34}}, {"model": "products.cart", "pk": 35, "fields": {"customer": 35}}, {"model": "products.cart", "pk": 36, "fields": {"customer": 36}}, {"model": "products.cart", "pk": 37, "fields": {"customer": 37}}, {"model": "products.cart", "pk": 38, "fields": {"customer": 38}}, {"model": "products.cart", "pk": 39, "fields": {"customer": 39}}, {"model": "products.cart", "pk": 40, "fields": {"customer": 40}}, {"model": "products.cart", "pk": 41, "fields": {"customer": 41}}, {"model": "products.cart", "pk": 42, "fields": {"customer": 42}}, {"model": "products.cart", "pk": 43, "fields": {"customer": 43}}, {"model": "products.cart", "pk": 44, "fields": {"customer": 44}}, {"model": "products.cart", "pk": 45, "fields": {"customer": 45}}, {"model": "products.cart", "pk": 46, "fields": {"customer": 46}}, {"model": "products.cart", "pk": 47, "fields": {"customer": 47}}, {"model": "products.cart", "pk": 48, "fields": {"customer": 48}}, {"model": "products.cart", "pk": 49, "fields": {"customer": 49}}, {"model": "products.cart", "pk": 50, "fields": {"customer": 50}}, {"model": "products.cart", "pk": 51, "fields": {"customer": 51}}, {"model": "products.order", "pk": 53, "fields": {"product_list": 52, "quantity": 3, "order_status": "P", "payment_status": true, "shipping_address": "yjkgjk ukyuo"}}, {"model": "products.orderitem", "pk": 4, "fields": {"product_list": 52, "quantity": 1, "order_status": "p", "order_id": 53}}, {"model": "products.orderitem", "pk": 5, "fields": {"product_list": 52, "quantity": 1, "order_status": "p", "order_id": 53}}, {"model": "products.orderitem", "pk": 6, "fields": {"product_list": 52, "quantity": 1, "order_status": "p", "order_id": 53}}]